run_name,scope,optimization_point,status,baseline_run,train_step_total_ms,e2e_speedup_vs_baseline,all_to_all_ms,all_to_all_speedup_vs_baseline,expert_swap_cuda_ms_sum,expert_swap_cuda_ms_avg_per_record,expert_swap_wall_ms_sum,dispatch_cuda_ms_sum,dispatch_cuda_ms_avg_per_call,combine_cuda_ms_sum,combine_cuda_ms_avg_per_call,expert_compute_ms,sampled_rank_step_pairs,source
qwen3vl_baseline_hotpath_ep32_mb4_gbs128_6step_new4_20260628_113349,ep32_new4,Baseline original fused MoE,baseline,qwen3vl_baseline_hotpath_ep32_mb4_gbs128_6step_new4_20260628_113349,126087.990234,1.000000,98066.233063,1.000000,0.277120,0.069280,0.279389,45278.566856,78.608623,52787.666206,91.645254,3835.851599,4.000000,summary_json
qwen3vl_full48_sharegpt4v_ep32_mb4_gbs128_100step_new4_20260624_232845,ep32_new4,Other,incomplete,qwen3vl_baseline_hotpath_ep32_mb4_gbs128_6step_new4_20260628_113349,0.000000,,0.000000,,,,,,,,,0.000000,0.000000,summary_json
qwen3vl_hiermoe_asyncwait_ep32_mb4_gbs128_6step_new4_20260627_190623,ep32_new4,Async split-size wait placement,candidate,qwen3vl_baseline_hotpath_ep32_mb4_gbs128_6step_new4_20260628_113349,76644.353516,1.645105,29656.507891,3.306736,1355.432159,,1227.934506,189989.030557,13.743419,237508.819943,17.180904,3847.619820,4.000000,summary_json
qwen3vl_hiermoe_dedup_only_ep32_mb4_gbs128_6step_new4_20260628_143328,ep32_new4,HierD-AlltoAll token dedup only,kept-analysis,qwen3vl_baseline_hotpath_ep32_mb4_gbs128_6step_new4_20260628_113349,77861.341797,1.619391,33452.334785,2.931521,0.329260,0.082315,0.298879,15332.195482,13.309197,18120.139303,15.729288,3799.643498,4.000000,summary_json
qwen3vl_hiermoe_deduponly_ep32_mb4_gbs128_new4_6step_20260628_225006,ep32_new4,HierD-AlltoAll token dedup only,kept-analysis,qwen3vl_baseline_hotpath_ep32_mb4_gbs128_6step_new4_20260628_113349,74848.355469,1.684579,32949.396075,2.976268,0.286840,,0.290828,186211.700983,13.470175,263542.462473,19.064125,3842.520136,4.000000,summary_json
qwen3vl_hiermoe_g4_ep32_mb4_gbs128_6step_new4_20260628_015341,ep32_new4,Hierarchy/group-size experiment,candidate,qwen3vl_baseline_hotpath_ep32_mb4_gbs128_6step_new4_20260628_113349,100701.228516,1.252100,54900.758302,1.786246,1405.571564,351.392891,1267.039232,26386.907764,22.905302,28513.850538,24.751606,3848.096757,4.000000,summary_json
qwen3vl_hiermoe_global2d_ep32_mb4_gbs128_6step_new4_20260627_175926,ep32_new4,Global 2D expert-swap selector,candidate,qwen3vl_baseline_hotpath_ep32_mb4_gbs128_6step_new4_20260628_113349,82165.998047,1.534552,30045.459685,3.263929,6539.986053,,6402.786998,191158.900058,13.828045,238825.929286,17.276181,3792.959762,4.000000,summary_json
qwen3vl_hiermoe_hotpath_ep32_mb4_gbs128_6step_new4_20260627_171615,ep32_new4,HierMoE hot-path iteration,candidate,qwen3vl_baseline_hotpath_ep32_mb4_gbs128_6step_new4_20260628_113349,78096.875000,1.614507,30263.847074,3.240376,2590.910583,,2438.362016,191567.086474,13.857573,242666.132384,17.553974,3848.275804,4.000000,summary_json
qwen3vl_hiermoe_hotpath_ep32_mb4_gbs128_6step_new4_20260627_201348,ep32_new4,HierMoE hot-path iteration,candidate,qwen3vl_baseline_hotpath_ep32_mb4_gbs128_6step_new4_20260628_113349,75296.105469,1.674562,29555.622853,3.318023,1336.174011,334.043503,1237.004044,14834.778892,12.877412,14720.843961,12.778510,3848.815740,4.000000,summary_json
qwen3vl_hiermoe_hotpath_ep32_mb4_gbs128_6step_new4_20260627_203814,ep32_new4,HierMoE hot-path iteration,candidate,qwen3vl_baseline_hotpath_ep32_mb4_gbs128_6step_new4_20260628_113349,50089.088867,2.517275,12872.817466,7.618086,1244.081909,311.020477,1244.092954,6454.890800,8.404806,6417.926666,16.713351,1683.204217,4.000000,summary_json
qwen3vl_hiermoe_hotpath_ep32_mb4_gbs128_6step_new4_20260627_210052,ep32_new4,HierMoE hot-path iteration,candidate,qwen3vl_baseline_hotpath_ep32_mb4_gbs128_6step_new4_20260628_113349,74736.361328,1.687104,29087.657469,3.371404,1432.758423,358.189606,1298.926870,14055.045754,12.200561,15032.611715,13.049142,3849.870963,4.000000,summary_json
qwen3vl_hiermoe_hotpath_ep32_mb4_gbs128_6step_new4_20260627_211618,ep32_new4,HierMoE hot-path iteration,candidate,qwen3vl_baseline_hotpath_ep32_mb4_gbs128_6step_new4_20260628_113349,74668.955078,1.688627,29041.496336,3.376762,1376.576050,344.144012,1264.682088,14050.711833,12.196798,14990.784503,13.012834,3848.840840,4.000000,summary_json
qwen3vl_hiermoe_hotpath_ep32_mb4_gbs128_6step_new4_20260627_213537,ep32_new4,HierMoE hot-path iteration,candidate,qwen3vl_baseline_hotpath_ep32_mb4_gbs128_6step_new4_20260628_113349,75415.878906,1.671902,29668.635800,3.305384,1360.896973,340.224243,1206.718916,14130.110365,12.265721,15538.525435,13.488303,3850.373119,4.000000,summary_json
qwen3vl_hiermoe_hotpath_ep32_mb4_gbs128_6step_new4_20260627_220625,ep32_new4,HierMoE hot-path iteration,candidate,qwen3vl_baseline_hotpath_ep32_mb4_gbs128_6step_new4_20260628_113349,74873.925781,1.684004,29172.617962,3.361585,1377.041412,344.260353,1245.647381,14066.169777,12.210217,15106.448185,13.113236,3851.204524,4.000000,summary_json
qwen3vl_hiermoe_hotpath_ep32_mb4_gbs128_6step_new4_20260627_223059,ep32_new4,HierMoE hot-path iteration,candidate,qwen3vl_baseline_hotpath_ep32_mb4_gbs128_6step_new4_20260628_113349,74378.806641,1.695214,28928.087386,3.390001,1371.804993,342.951248,1255.912282,13896.282874,12.062746,15031.804512,13.048441,3846.714794,4.000000,summary_json
qwen3vl_hiermoe_hotpath_ep32_mb4_gbs128_6step_new4_20260627_230600,ep32_new4,HierMoE hot-path iteration,candidate,qwen3vl_baseline_hotpath_ep32_mb4_gbs128_6step_new4_20260628_113349,74252.044922,1.698108,28931.115680,3.389646,1339.730774,334.932693,1264.118938,13933.029277,12.094643,14998.086404,13.019172,3847.233418,4.000000,summary_json
qwen3vl_hiermoe_hotpath_ep32_mb4_gbs128_6step_new4_20260627_232127,ep32_new4,HierMoE hot-path iteration,candidate,qwen3vl_baseline_hotpath_ep32_mb4_gbs128_6step_new4_20260628_113349,74206.292969,1.699155,28981.889916,3.383707,1362.607147,340.651787,1254.375392,13971.887640,12.128375,15010.002276,13.029516,3848.577313,4.000000,summary_json
qwen3vl_hiermoe_hotpath_ep32_mb4_gbs128_6step_new4_20260627_234318,ep32_new4,HierMoE hot-path iteration,candidate,qwen3vl_baseline_hotpath_ep32_mb4_gbs128_6step_new4_20260628_113349,72757.419922,1.732991,28223.593744,3.474619,1403.169678,350.792419,1288.779860,13564.431940,11.774681,14659.161805,12.724967,3847.918540,4.000000,summary_json
qwen3vl_hiermoe_hotpath_ep32_mb4_gbs128_6step_new4_20260628_005833,ep32_new4,HierMoE hot-path iteration,candidate,qwen3vl_baseline_hotpath_ep32_mb4_gbs128_6step_new4_20260628_113349,73007.208984,1.727062,28214.258603,3.475769,1345.494629,336.373657,1220.514874,13500.977865,11.719599,14713.280738,12.771945,3850.355096,4.000000,summary_json
qwen3vl_hiermoe_hotpath_ep32_mb4_gbs128_6step_new4_20260628_013117,ep32_new4,HierMoE hot-path iteration,candidate,qwen3vl_baseline_hotpath_ep32_mb4_gbs128_6step_new4_20260628_113349,89692.494141,1.405781,33076.768231,2.964807,1351.001740,337.750435,1233.262925,13290.698492,11.537065,19786.069739,17.175408,3845.244397,4.000000,summary_json
qwen3vl_hiermoe_hotpath_ep32_mb4_gbs128_6step_new4_20260628_021817,ep32_new4,HierMoE hot-path iteration,candidate,qwen3vl_baseline_hotpath_ep32_mb4_gbs128_6step_new4_20260628_113349,71855.929688,1.754733,27794.455837,3.528266,1387.737488,346.934372,1286.184200,13296.000105,11.541667,14498.455732,12.585465,3849.232833,4.000000,summary_json
qwen3vl_hiermoe_hotpath_ep32_mb4_gbs128_6step_new4_20260628_101745,ep32_new4,HierMoE hot-path iteration,candidate,qwen3vl_baseline_hotpath_ep32_mb4_gbs128_6step_new4_20260628_113349,73446.892578,1.716723,27937.380790,3.510216,1337.713776,334.428444,1215.311769,13368.046160,11.604207,14569.334629,12.646992,3847.064803,4.000000,summary_json
qwen3vl_hiermoe_hotpath_ep32_mb4_gbs128_6step_new4_20260628_103754,ep32_new4,HierMoE hot-path iteration,candidate,qwen3vl_baseline_hotpath_ep32_mb4_gbs128_6step_new4_20260628_113349,71131.642578,1.772601,27361.361968,3.584114,1339.433319,334.858330,1222.147138,13362.137763,11.599078,13999.224205,12.152104,3891.953041,4.000000,summary_json
qwen3vl_hiermoe_hotpath_ep32_mb4_gbs128_6step_new4_20260628_111604,ep32_new4,HierMoE hot-path iteration,candidate,qwen3vl_baseline_hotpath_ep32_mb4_gbs128_6step_new4_20260628_113349,71833.527344,1.755281,27604.031267,3.552605,1343.410126,335.852531,1247.113745,13293.615371,11.539597,14310.415896,12.422236,3889.509174,4.000000,summary_json
qwen3vl_hiermoe_hotpath_ep32_mb4_gbs128_6step_new4_20260628_115822,ep32_new4,HierMoE hot-path iteration,candidate,qwen3vl_baseline_hotpath_ep32_mb4_gbs128_6step_new4_20260628_113349,71749.435547,1.757338,27611.483234,3.551647,1355.477173,338.869293,1241.377393,13402.015865,11.633694,14209.467368,12.334607,3886.021560,4.000000,summary_json
qwen3vl_hiermoe_hotpath_ep32_mb4_gbs128_6step_new4_20260628_130253,ep32_new4,HierMoE hot-path iteration,candidate,qwen3vl_baseline_hotpath_ep32_mb4_gbs128_6step_new4_20260628_113349,71377.066406,1.766506,27558.450196,3.558481,1427.784302,356.946075,1277.868982,13252.840950,11.504202,14305.609246,12.418064,3883.175502,4.000000,summary_json
qwen3vl_hiermoe_hotpath_ep32_mb4_gbs128_6step_new4_20260628_133202,ep32_new4,HierMoE hot-path iteration,candidate,qwen3vl_baseline_hotpath_ep32_mb4_gbs128_6step_new4_20260628_113349,71903.626953,1.753569,27581.505377,3.555507,1379.078644,344.769661,1257.468837,13278.907536,11.526829,14302.597842,12.415450,3885.500902,4.000000,summary_json
qwen3vl_hiermoe_hotpath_ep32_mb4_gbs128_6step_new4_20260628_145220,ep32_new4,HierMoE hot-path iteration,candidate,qwen3vl_baseline_hotpath_ep32_mb4_gbs128_6step_new4_20260628_113349,73232.445312,1.721750,27807.538521,3.526606,1308.647034,327.161758,1201.039939,13320.078377,11.562568,14487.460144,12.575920,3845.953907,4.000000,summary_json
qwen3vl_hiermoe_internal_ep32_mb4_gbs128_4step_new4_20260627_224528,ep32_new4,Internal hot-path profiling,diagnostic,qwen3vl_baseline_hotpath_ep32_mb4_gbs128_6step_new4_20260628_113349,37576.251953,3.355523,14739.279127,6.653394,735.861908,367.930954,615.034297,7075.316374,12.283535,7663.962754,13.305491,1908.442316,2.000000,summary_json
qwen3vl_hiermoe_internal_ep32_mb4_gbs128_4step_new4_20260627_235759,ep32_new4,Internal hot-path profiling,diagnostic,qwen3vl_baseline_hotpath_ep32_mb4_gbs128_6step_new4_20260628_113349,37084.763672,3.399994,14672.196804,6.683814,753.270050,376.635025,647.558066,6850.019815,11.892396,7822.176990,13.580168,1909.979441,2.000000,summary_json
qwen3vl_hiermoe_internal_ep32_mb4_gbs128_4step_new4_20260628_003648,ep32_new4,Internal hot-path profiling,diagnostic,qwen3vl_baseline_hotpath_ep32_mb4_gbs128_6step_new4_20260628_113349,36558.306641,3.448956,14385.919611,6.816821,740.236938,370.118469,619.312478,6870.390671,11.927762,7515.528940,13.047793,1908.959239,2.000000,summary_json
qwen3vl_hiermoe_internal_ep32_mb4_gbs128_4step_new4_20260628_095545,ep32_new4,Internal hot-path profiling,diagnostic,qwen3vl_baseline_hotpath_ep32_mb4_gbs128_6step_new4_20260628_113349,36489.792969,3.455432,14117.442755,6.946459,739.928833,369.964417,640.666490,6781.812782,11.773981,7335.629974,12.735469,1909.300102,2.000000,summary_json
qwen3vl_hiermoe_internal_ep32_mb4_gbs128_4step_new4_20260628_110212,ep32_new4,Internal hot-path profiling,diagnostic,qwen3vl_baseline_hotpath_ep32_mb4_gbs128_6step_new4_20260628_113349,36255.353516,3.477776,14078.504047,6.965671,740.435883,370.217941,619.273902,6819.407570,11.839249,7259.096477,12.602598,1935.027624,2.000000,summary_json
qwen3vl_hiermoe_internal_ep32_mb4_gbs128_6step_new4_20260627_195038,ep32_new4,Internal hot-path profiling,diagnostic,qwen3vl_baseline_hotpath_ep32_mb4_gbs128_6step_new4_20260628_113349,76260.269531,1.653390,29555.773700,3.318006,1357.233978,339.308495,1241.182313,14782.182052,12.831755,14773.591649,12.824298,3849.748224,4.000000,summary_json
qwen3vl_hiermoe_internal_ep32_mb4_gbs128_6step_new4_20260628_134858,ep32_new4,Internal hot-path profiling,diagnostic,qwen3vl_baseline_hotpath_ep32_mb4_gbs128_6step_new4_20260628_113349,71415.048828,1.765566,27245.089684,3.599409,1348.910278,337.227570,1216.915527,13263.952377,11.513848,13981.137307,12.136404,3901.084423,4.000000,summary_json
qwen3vl_hiermoe_overlap_internal_ep32_mb4_gbs128_6step_new4_20260627_163344,ep32_new4,Internal timing for overlap attempt,diagnostic,qwen3vl_baseline_hotpath_ep32_mb4_gbs128_6step_new4_20260628_113349,78411.867188,1.608022,29983.691745,3.270652,2557.336975,,2403.154788,190633.457092,10.342527,241902.419113,17.498728,3851.111093,4.000000,summary_json
qwen3vl_hiermoe_pairhist_ep32_mb4_gbs128_6step_new4_20260627_184010,ep32_new4,Expert-pair history instrumentation,candidate,qwen3vl_baseline_hotpath_ep32_mb4_gbs128_6step_new4_20260628_113349,76742.310547,1.643005,29614.259611,3.311453,1976.877075,,1861.209306,190518.246648,13.781702,237772.274192,17.199962,3851.116423,4.000000,summary_json
qwen3vl_hiermoe_stats2d_ep32_mb4_gbs128_6step_new4_20260627_181843,ep32_new4,2D selector stats,candidate,qwen3vl_baseline_hotpath_ep32_mb4_gbs128_6step_new4_20260628_113349,75991.126953,1.659246,29434.428554,3.331685,1440.043762,,1327.467571,189815.427273,13.730861,237568.575016,17.185227,3847.784901,4.000000,summary_json
qwen3vl_hiermoe_stats2d_maxcand32_ep32_mb4_gbs128_6step_new4_20260627_192357,ep32_new4,2D selector stats + max candidate 32,candidate,qwen3vl_baseline_hotpath_ep32_mb4_gbs128_6step_new4_20260628_113349,76635.208984,1.645301,30293.038560,3.237253,1204.978058,,1204.984262,191754.242693,13.871111,239511.099346,17.325745,3763.571099,4.000000,summary_json
qwen3vl_hiermoe_swap_pairs_ep32_mb4_gbs128_new4_pairs16_6step_20260628_154421,ep32_new4,Expert Swap max pairs/layer=16,sweep,qwen3vl_baseline_hotpath_ep32_mb4_gbs128_6step_new4_20260628_113349,70829.470703,1.780163,,,1469.487488,367.371872,,166663.709955,12.056113,232557.185613,16.822713,20907.048860,,pair_sweep_csv
qwen3vl_hiermoe_swap_pairs_ep32_mb4_gbs128_new4_pairs1_6step_20260628_154421,ep32_new4,Expert Swap max pairs/layer=1,sweep,qwen3vl_baseline_hotpath_ep32_mb4_gbs128_6step_new4_20260628_113349,70887.888672,1.778696,,,1357.026001,339.256500,,167213.893671,12.095912,232787.280451,16.839358,20919.008870,,pair_sweep_csv
qwen3vl_hiermoe_swap_pairs_ep32_mb4_gbs128_new4_pairs2_6step_20260628_154421,ep32_new4,Expert Swap max pairs/layer=2,sweep,qwen3vl_baseline_hotpath_ep32_mb4_gbs128_6step_new4_20260628_113349,70897.130859,1.778464,,,1464.829010,366.207253,,168090.264510,12.159307,232470.392844,16.816435,20895.657840,,pair_sweep_csv
qwen3vl_hiermoe_swap_pairs_ep32_mb4_gbs128_new4_pairs32_6step_20260628_154421,ep32_new4,Expert Swap max pairs/layer=32,sweep,qwen3vl_baseline_hotpath_ep32_mb4_gbs128_6step_new4_20260628_113349,70580.246094,1.786449,,,1487.331665,371.832916,,167400.600707,12.109418,232688.734061,16.832229,20863.818853,,pair_sweep_csv
qwen3vl_hiermoe_swap_pairs_ep32_mb4_gbs128_new4_pairs4_6step_20260628_154421,ep32_new4,Expert Swap max pairs/layer=4,kept-best,qwen3vl_baseline_hotpath_ep32_mb4_gbs128_6step_new4_20260628_113349,70402.937500,1.790948,,,1461.501465,365.375366,,167034.525579,12.082937,232214.137668,16.797898,20934.756811,,pair_sweep_csv
qwen3vl_hiermoe_baseline_6step_20260625_1150,ep32_new4_legacy,Baseline original fused MoE (legacy doc-only),baseline,qwen3vl_hiermoe_baseline_6step_20260625_1150,31760.000000,1.000000,97140.000000,1.000000,,,,,,,,,,docs_perf_hiermoe_qwen3_vl_md
qwen3vl_hiermoe_currentlog_6step_20260626_033702,ep32_new4_legacy,Initial HierMoE successful 4-node smoke,historical,qwen3vl_hiermoe_baseline_6step_20260625_1150,19660.000000,1.615463,28820.000000,3.370576,,,,,,,,,,docs_perf_hiermoe_qwen3_vl_md
qwen3vl_baseline_eventprofile_ep64_mb4_gbs256_16step_all8_20260626_161536,ep64_all8,Baseline original fused MoE,baseline,qwen3vl_baseline_eventprofile_ep64_mb4_gbs256_16step_all8_20260626_161536,627923.167969,1.000000,517047.999969,1.000000,1.044860,0.074633,1.009379,223779.942879,111.001956,293268.057091,145.470266,16575.969419,14.000000,summary_json
qwen3vl_hiermoe_eventprofile_ep64_mb4_gbs256_16step_all8_20260626_154116,ep64_all8,Event-profile HierMoE full path,candidate,qwen3vl_baseline_eventprofile_ep64_mb4_gbs256_16step_all8_20260626_161536,908863.878906,0.690888,298584.830130,1.731662,429253.699219,30660.978516,429015.350150,98054.050279,9.119610,200530.779851,49.734816,14382.877309,14.000000,summary_json
qwen3vl_hiermoe_opt2_ep64_mb4_gbs256_6step_all8_20260626_222355,ep64_all8,64-card optimized attempt / incomplete summary,incomplete,qwen3vl_baseline_eventprofile_ep64_mb4_gbs256_16step_all8_20260626_161536,0.000000,,0.000000,,,,,,,,,0.000000,0.000000,summary_json
